<?xml version="1.0" encoding="ISO-8859-1" ?>
<!--

     license.xml

     Copyright (c) 2000-2010 CoreMedia AG, Hamburg. All rights reserved.

     This is the CoreMedia CMS license file for development installations.

-->

<!DOCTYPE LicenseConfiguration [

<!ELEMENT LicenseConfiguration ( Server, Property*, Valid?, License*) >

<!ELEMENT Server EMPTY>
<!ATTLIST Server type (production|publication|live) #REQUIRED>

<!ELEMENT Property EMPTY>
<!ATTLIST Property name  NMTOKEN #REQUIRED
                   value NMTOKEN #REQUIRED>

<!ELEMENT Valid EMPTY>
<!ATTLIST Valid from    CDATA #IMPLIED
                until   CDATA #IMPLIED
                grace   CDATA #IMPLIED
                host    CDATA #IMPLIED
                ip      CDATA #IMPLIED
                release CDATA #IMPLIED>

<!ELEMENT License EMPTY>
<!ATTLIST License service          NMTOKEN #REQUIRED
                  concurrent-users NMTOKEN #REQUIRED
                  named-users      NMTOKEN #IMPLIED
                  multiplicity     NMTOKEN #IMPLIED>
]>


<LicenseConfiguration>
	<Server type="production"/>

	<Property name="licensed-to" value="Development-Installation"/>
	<Property name="workflow" value="enabled"/>
  <Property name="elastic-social" value="enabled"/>
  <Property name="personalization" value="enabled"/>
  <Property name="japanese-language-plugin" value="enabled"/>
  <Property name="livecontext" value="enabled"/>
  <Property name="brand-blueprint" value="enabled"/>
	<Property name="id" value="development"/>
        <Property name="asset-management" value="enabled"/>

	<Valid from="06.11.2017" until="06.02.2018" grace="06.02.2018"/>

	<License service="editor" concurrent-users="30000"
                 named-users="200"/>
	<License service="system" concurrent-users="5"
		 named-users="25"/> <!-- autoactor,watchdog -->
	<License service="webserver" concurrent-users="50"
		 named-users="1000"/> <!-- webserver -->
        <License service="workflow" concurrent-users="600"
	         named-users="200"/> <!-- workflow -->
	<License service="importer" concurrent-users="2"
		 named-users="25"/> <!-- importer -->
	<License service="publisher" concurrent-users="33"
		 named-users="200"/> <!-- publisher -->
	<License service="debug" concurrent-users="100"
		 named-users="100"/> <!-- serverdump -->
	<License service="filesystem" concurrent-users="5"
		 named-users="50"/> <!-- same as editors -->
	<License service="replicator" concurrent-users="5"
		 named-users="10"/> <!-- replicator -->
        <License service="feeder" concurrent-users="2"
                 named-users="10"/>  <!-- feeder -->
        <License service="analytics" concurrent-users="2"
                 named-users="10"/>
        <License service="dashboard" concurrent-users="30"
                 named-users="50"/> <!-- same as editors -->
</LicenseConfiguration>
